id,title,content,excerpt,slug,status,author_id,created_at,updated_at,published_at,category,tags,featured_image,seo_title,meta_description,focus_keyword,read_time
wp-which carry creative and communicative traits. The energy of the number 3 promotes artistic expression,communication,and joy. Additionally,33 is related to the Master Numbers 11 and 22,and vision is what defines the 33 as the Master Teacher.</p>,draft,grounded capabilities of the 22. This blend of creativity,compassion,wisdom,,Blog,{},,communication,33 is related to the Master Numbers 11 and 22,,1
wp-the quest for understanding the divine often sparks profound debates,reflections,and,unfortunately,the Scientific Search for God,draft,I have always sought evidence and rational explanations. Yet,over time,I have come to believe in a higher power—a Creator who is beyond our understanding yet deeply connected to all of us. This journey has also led me to ponder: how can we respect and unite all religions when people are often at odds trying to establish their own as the truth? At its core,,Blog,{},,reflections,unfortunately,,1
wp-protecting the environment,and promoting justice. Faith and Evidence: Walking the Middle PathAs someone who values evidence,I believe it’s okay to question and seek understanding. Even science relies on trust in unseen forces—gravity,dark matter,the intricacy of the universe,draft,to name a few. Faith,too,involves trusting in something greater than ourselves. While we may never have physical proof of God,,Blog,{},,and promoting justice. Faith and Evidence: Walking the Middle PathAs someone who values evidence,dark matter,,1
wp-providing powerful tools and libraries to create robust IoT applications. This guide will walk you through setting up ESP-IDF in Visual Studio Code (VS Code),creating a project,and flashing your ESP32 board.<br><br><strong>Prerequisites</strong><br><strong>Hardware:</strong><br>ESP32 Development Board<br>USB cable<br><strong>Software:</strong><br>A computer with Windows,macOS,components,draft,~/esp/esp-idf).<br><strong>Configure Python Environment:</strong><br>The ESP-IDF extension will prompt you to select the Python executable.<br>Choose the Python version installed earlier (e.g.,/usr/bin/python3).<br><strong>Install Required Tools:</strong><br>The extension will ensure all necessary tools are installed.<br><br><strong>Step 4: Create Your First ESP-IDF Project</strong><br><strong>Create a New Project:</strong><br>Open Command Palette (Ctrl+Shift+P).<br>Select ESP-IDF: New Project.<br>Choose a template (e.g.,blink).<br>Specify the project folder.<br><strong>Open the Project in VS Code:</strong><br>Open the folder containing your project.<br>You should see folders like main,,Blog,{},,creating a project,macOS,,1
wp-with the potential to reshape not only technological advancements but also the very fabric of human society,including our beliefs,morals,and socioeconomic structures. As these technologies advance,and social equity.</p>,draft,influencing aspects of human life that have traditionally been considered sacred or untouchable,such as religion,governance,,Blog,{},,including our beliefs,and socioeconomic structures. As these technologies advance,,1
wp-traditional religions may face a decline,hastened by the increasing secularization of societies worldwide. In this context,one can envision a future where temples,mosques,and receive tailored advice,draft,operated by various AI companies,could offer customized spiritual experiences for a fee. People might approach these booths,swipe their credit cards,,Blog,{},,hastened by the increasing secularization of societies worldwide. In this context,mosques,,1
wp-the mystical study of numbers and their influence on human life,offers insights into personality,destiny,and the deeper meaning behind numbers. Each number carries its own unique vibration and significance,each contributing to its overall essence.</p>,draft,we delve into the numerology of number 840. This number combines the energies and attributes of the numbers 8,4,and 0,,Blog,{},,offers insights into personality,and the deeper meaning behind numbers. Each number carries its own unique vibration and significance,,1
wp-often referred to as the sunshine vitamin,plays a crucial role in maintaining overall health. It aids in the absorption of calcium,promoting bone health,and supports the immune system. However,treatment,draft,affecting millions of people. In this blog,we will explore the causes,symptoms,,Blog,{},,plays a crucial role in maintaining overall health. It aids in the absorption of calcium,and supports the immune system. However,,1
wp-0,0,0) class=has-inline-color has-orange-color>git stash apply</mark></em><br><mark style=background-color:rgba(0,0,0,draft,0) class=has-inline-color has-green-color> <br><strong>More Advanced Git Concepts and Commands</strong></mark><br><strong>1. Git Ignore</strong><br>Sometimes,you don’t want certain files (like temporary files or sensitive data) to be tracked by Git. This is where .gitignore files come in.<br><strong>Create a .gitignore file:</strong><br>In your project’s root directory,create a file named .gitignore and add patterns to ignore specific files or directories. For example:<br> <br><mark style=background-color:rgba(0,,Blog,{},,0,0,,1
wp-0,0,0) class=has-inline-color has-orange-color><em>git rebase –abort</em><br><em> </em></mark><br><strong>4. Git Hooks</strong><br>Git hooks are scripts that are automatically triggered by certain Git actions. They can be used to enforce code quality checks,run tests,in a Node.js project,draft,pushes,etc.<br><strong>Pre-commit hook:</strong><br>Example: A pre-commit hook could run tests before allowing a commit:<br>In the .git/hooks/ folder,create a file named pre-commit.<br>Add a script to run your tests. For example,,Blog,{},,0,run tests,,1
wp-0,0,0) class=has-inline-color has-orange-color>git reset --hard HEAD</mark></em><br><em> </em><br><strong>7. Workflows for Large Projects</strong><br>In large teams or open-source projects,Git workflows help to streamline development and avoid conflicts. Some of the common workflows include:<br><strong>Feature Branch Workflow:</strong> Developers create branches for each feature they are working on. Once the feature is complete,and hotfix branches.<br><strong>Forking Workflow:</strong> Often used in open-source projects. Contributors fork the repository,draft,such as feature,develop,release,,Blog,{},,0,Git workflows help to streamline development and avoid conflicts. Some of the common workflows include:<br><strong>Feature Branch Workflow:</strong> Developers create branches for each feature they are working on. Once the feature is complete,,1
wp-Giuseppe and I set out to collect mushrooms in Lodi,a charming city on the banks of the River Adda. The Adda,as Giuseppe often warned,was dangerous—il fiume Adda è pericoloso. Its waters rushed down from the mountains with a force that could sweep away anything in its path. But today,its scales catching the sunlight before it disappeared into the undergrowth.<br>Giuseppe,draft,almost serene,as we walked along a narrow path that hugged its edge.<br>The autumn air was filled with the scent of damp earth and decaying leaves. As we made our way through the woods,I suddenly heard a rustling sound. Something moved through the dry leaves nearby. I looked down and saw a snake slithering away,,Blog,{},,a charming city on the banks of the River Adda. The Adda,was dangerous—il fiume Adda è pericoloso. Its waters rushed down from the mountains with a force that could sweep away anything in its path. But today,,1
wp-I grabbed a long branch and used it to lift the crayfish out of the water. I was excited by the discovery. Giuseppe,Giuseppe,look! I found a fish! I called out,eager to share the moment with him.<br>But when Giuseppe saw what I had done,I noticed that the eggs were no longer attached to its body. They floated away in the water,draft,he said,his voice sharp with anger. Leave it in the water. He felt pity for it.<br>His words hit me harder than I expected. I quickly returned the crayfish to the canal,but as I did,,Blog,{},,Giuseppe,eager to share the moment with him.<br>But when Giuseppe saw what I had done,,1